Time,Phrase,Site,Count
2017-03-22 02:29:39,twitter,http://www.nd.edu,0
2017-03-22 02:29:39,facebook,http://www.nd.edu,0
2017-03-22 02:29:39,newsletter,http://www.nd.edu,0
2017-03-22 02:29:39,this,http://www.nd.edu,0
2017-03-22 02:29:39,is,http://www.nd.edu,0
2017-03-22 02:29:39,america,http://www.nd.edu,0

Time,Phrase,Site,Count
2017-03-22 02:29:39,twitter,http://www.cnn.com,9
2017-03-22 02:29:39,facebook,http://www.cnn.com,8
2017-03-22 02:29:39,newsletter,http://www.cnn.com,19
2017-03-22 02:29:39,this,http://www.cnn.com,6
2017-03-22 02:29:39,is,http://www.cnn.com,337
2017-03-22 02:29:39,america,http://www.cnn.com,13

Time,Phrase,Site,Count
2017-03-22 02:29:41,twitter,http://www.pbs.org,69
2017-03-22 02:29:41,facebook,http://www.pbs.org,50
2017-03-22 02:29:41,newsletter,http://www.pbs.org,1
2017-03-22 02:29:41,this,http://www.pbs.org,91
2017-03-22 02:29:41,is,http://www.pbs.org,331
2017-03-22 02:29:41,america,http://www.pbs.org,5

Time,Phrase,Site,Count
2017-03-23 21:34:16,twitter,http://www.nd.edu,0
2017-03-23 21:34:16,facebook,http://www.nd.edu,0
2017-03-23 21:34:16,newsletter,http://www.nd.edu,0
2017-03-23 21:34:16,this,http://www.nd.edu,0
2017-03-23 21:34:16,is,http://www.nd.edu,0
2017-03-23 21:34:16,america,http://www.nd.edu,0

Time,Phrase,Site,Count
2017-03-23 21:34:16,twitter,http://www.cnn.com,9
2017-03-23 21:34:16,facebook,http://www.cnn.com,9
2017-03-23 21:34:16,newsletter,http://www.cnn.com,19
2017-03-23 21:34:16,this,http://www.cnn.com,10
2017-03-23 21:34:16,is,http://www.cnn.com,329
2017-03-23 21:34:16,america,http://www.cnn.com,13

Time,Phrase,Site,Count
2017-03-23 21:34:19,twitter,http://www.pbs.org,65
2017-03-23 21:34:19,facebook,http://www.pbs.org,50
2017-03-23 21:34:19,newsletter,http://www.pbs.org,1
2017-03-23 21:34:19,this,http://www.pbs.org,95
2017-03-23 21:34:19,is,http://www.pbs.org,346
2017-03-23 21:34:19,america,http://www.pbs.org,9

Time,Phrase,Site,Count
2017-03-23 21:48:33,twitter,http://www.nd.edu,0
2017-03-23 21:48:33,facebook,http://www.nd.edu,0
2017-03-23 21:48:33,newsletter,http://www.nd.edu,0
2017-03-23 21:48:33,this,http://www.nd.edu,0
2017-03-23 21:48:33,is,http://www.nd.edu,0
2017-03-23 21:48:33,america,http://www.nd.edu,0

Time,Phrase,Site,Count
2017-03-23 21:48:33,twitter,http://www.cnn.com,9
2017-03-23 21:48:33,facebook,http://www.cnn.com,9
2017-03-23 21:48:33,newsletter,http://www.cnn.com,19
2017-03-23 21:48:33,this,http://www.cnn.com,10
2017-03-23 21:48:33,is,http://www.cnn.com,329
2017-03-23 21:48:33,america,http://www.cnn.com,13

Time,Phrase,Site,Count
2017-03-23 21:48:35,twitter,http://www.pbs.org,65
2017-03-23 21:48:35,facebook,http://www.pbs.org,50
2017-03-23 21:48:35,newsletter,http://www.pbs.org,1
2017-03-23 21:48:35,this,http://www.pbs.org,95
2017-03-23 21:48:35,is,http://www.pbs.org,346
2017-03-23 21:48:35,america,http://www.pbs.org,9

Time,Phrase,Site,Count
2017-03-23 22:25:23,twitter,http://www.nd.edu,0
2017-03-23 22:25:23,facebook,http://www.nd.edu,0
2017-03-23 22:25:23,newsletter,http://www.nd.edu,0
2017-03-23 22:25:23,this,http://www.nd.edu,0
2017-03-23 22:25:23,is,http://www.nd.edu,0
2017-03-23 22:25:23,america,http://www.nd.edu,0

Time,Phrase,Site,Count
2017-03-23 22:25:23,twitter,http://www.cnn.com,9
2017-03-23 22:25:23,facebook,http://www.cnn.com,9
2017-03-23 22:25:23,newsletter,http://www.cnn.com,19
2017-03-23 22:25:23,this,http://www.cnn.com,10
2017-03-23 22:25:23,is,http://www.cnn.com,329
2017-03-23 22:25:23,america,http://www.cnn.com,13

Time,Phrase,Site,Count
2017-03-23 22:25:26,twitter,http://www.pbs.org,65
2017-03-23 22:25:26,facebook,http://www.pbs.org,50
2017-03-23 22:25:26,newsletter,http://www.pbs.org,1
2017-03-23 22:25:26,this,http://www.pbs.org,95
2017-03-23 22:25:26,is,http://www.pbs.org,346
2017-03-23 22:25:26,america,http://www.pbs.org,9

Time,Phrase,Site,Count
2017-03-23 22:25:59,twitter,http://www.nd.edu,0
2017-03-23 22:25:59,facebook,http://www.nd.edu,0
2017-03-23 22:25:59,newsletter,http://www.nd.edu,0
2017-03-23 22:25:59,this,http://www.nd.edu,0
2017-03-23 22:25:59,is,http://www.nd.edu,0
2017-03-23 22:25:59,america,http://www.nd.edu,0

Time,Phrase,Site,Count
2017-03-23 22:25:59,twitter,http://www.cnn.com,9
2017-03-23 22:25:59,facebook,http://www.cnn.com,9
2017-03-23 22:25:59,newsletter,http://www.cnn.com,19
2017-03-23 22:25:59,this,http://www.cnn.com,10
2017-03-23 22:25:59,is,http://www.cnn.com,329
2017-03-23 22:25:59,america,http://www.cnn.com,13

Time,Phrase,Site,Count
2017-03-23 22:26:00,twitter,http://www.pbs.org,65
2017-03-23 22:26:00,facebook,http://www.pbs.org,50
2017-03-23 22:26:00,newsletter,http://www.pbs.org,1
2017-03-23 22:26:00,this,http://www.pbs.org,95
2017-03-23 22:26:00,is,http://www.pbs.org,346
2017-03-23 22:26:00,america,http://www.pbs.org,9

Time,Phrase,Site,Count
2017-03-23 22:26:36,twitter,http://www.nd.edu,0
2017-03-23 22:26:36,facebook,http://www.nd.edu,0
2017-03-23 22:26:36,newsletter,http://www.nd.edu,0
2017-03-23 22:26:36,this,http://www.nd.edu,0
2017-03-23 22:26:36,is,http://www.nd.edu,0
2017-03-23 22:26:36,america,http://www.nd.edu,0

Time,Phrase,Site,Count
2017-03-23 22:26:36,twitter,http://www.cnn.com,9
2017-03-23 22:26:36,facebook,http://www.cnn.com,9
2017-03-23 22:26:36,newsletter,http://www.cnn.com,19
2017-03-23 22:26:36,this,http://www.cnn.com,10
2017-03-23 22:26:36,is,http://www.cnn.com,329
2017-03-23 22:26:36,america,http://www.cnn.com,13

Time,Phrase,Site,Count
2017-03-23 22:26:38,twitter,http://www.pbs.org,65
2017-03-23 22:26:38,facebook,http://www.pbs.org,50
2017-03-23 22:26:38,newsletter,http://www.pbs.org,1
2017-03-23 22:26:38,this,http://www.pbs.org,95
2017-03-23 22:26:38,is,http://www.pbs.org,346
2017-03-23 22:26:38,america,http://www.pbs.org,9

Time,Phrase,Site,Count
2017-03-23 22:27:57,twitter,http://www.nd.edu,0
2017-03-23 22:27:57,facebook,http://www.nd.edu,0
2017-03-23 22:27:57,newsletter,http://www.nd.edu,0
2017-03-23 22:27:57,this,http://www.nd.edu,0
2017-03-23 22:27:57,is,http://www.nd.edu,0
2017-03-23 22:27:57,america,http://www.nd.edu,0

Time,Phrase,Site,Count
2017-03-23 22:27:57,twitter,http://www.cnn.com,9
2017-03-23 22:27:57,facebook,http://www.cnn.com,9
2017-03-23 22:27:57,newsletter,http://www.cnn.com,19
2017-03-23 22:27:57,this,http://www.cnn.com,10
2017-03-23 22:27:57,is,http://www.cnn.com,329
2017-03-23 22:27:57,america,http://www.cnn.com,13

Time,Phrase,Site,Count
2017-03-23 22:27:59,twitter,http://www.pbs.org,65
2017-03-23 22:27:59,facebook,http://www.pbs.org,50
2017-03-23 22:27:59,newsletter,http://www.pbs.org,1
2017-03-23 22:27:59,this,http://www.pbs.org,95
2017-03-23 22:27:59,is,http://www.pbs.org,346
2017-03-23 22:27:59,america,http://www.pbs.org,9

Time,Phrase,Site,Count
2017-03-24 14:18:30,twitter,http://www.nd.edu,0
2017-03-24 14:18:30,facebook,http://www.nd.edu,0
2017-03-24 14:18:30,newsletter,http://www.nd.edu,0
2017-03-24 14:18:30,this,http://www.nd.edu,0
2017-03-24 14:18:30,is,http://www.nd.edu,0
2017-03-24 14:18:30,america,http://www.nd.edu,0

Time,Phrase,Site,Count
2017-03-24 14:18:30,twitter,http://www.cnn.com,9
2017-03-24 14:18:30,facebook,http://www.cnn.com,9
2017-03-24 14:18:30,newsletter,http://www.cnn.com,19
2017-03-24 14:18:30,this,http://www.cnn.com,8
2017-03-24 14:18:30,is,http://www.cnn.com,319
2017-03-24 14:18:30,america,http://www.cnn.com,13

Time,Phrase,Site,Count
2017-03-24 14:18:34,twitter,http://www.pbs.org,69
2017-03-24 14:18:34,facebook,http://www.pbs.org,50
2017-03-24 14:18:34,newsletter,http://www.pbs.org,1
2017-03-24 14:18:34,this,http://www.pbs.org,95
2017-03-24 14:18:34,is,http://www.pbs.org,365
2017-03-24 14:18:34,america,http://www.pbs.org,9

Time,Phrase,Site,Count
2017-03-24 15:39:51,twitter,http://www.nd.edu,0
2017-03-24 15:39:51,facebook,http://www.nd.edu,0
2017-03-24 15:39:51,newsletter,http://www.nd.edu,0
2017-03-24 15:39:51,this,http://www.nd.edu,0
2017-03-24 15:39:51,is,http://www.nd.edu,0
2017-03-24 15:39:51,america,http://www.nd.edu,0

Time,Phrase,Site,Count
2017-03-24 15:39:51,twitter,http://www.cnn.com,9
2017-03-24 15:39:51,facebook,http://www.cnn.com,9
2017-03-24 15:39:51,newsletter,http://www.cnn.com,19
2017-03-24 15:39:51,this,http://www.cnn.com,9
2017-03-24 15:39:51,is,http://www.cnn.com,313
2017-03-24 15:39:51,america,http://www.cnn.com,13

Time,Phrase,Site,Count
2017-03-24 15:39:54,twitter,http://www.pbs.org,71
2017-03-24 15:39:54,facebook,http://www.pbs.org,50
2017-03-24 15:39:54,newsletter,http://www.pbs.org,1
2017-03-24 15:39:54,this,http://www.pbs.org,95
2017-03-24 15:39:54,is,http://www.pbs.org,366
2017-03-24 15:39:54,america,http://www.pbs.org,9

Time,Phrase,Site,Count
2017-03-24 16:30:27,twitter,http://www.nd.edu,0
2017-03-24 16:30:27,facebook,http://www.nd.edu,0
2017-03-24 16:30:27,newsletter,http://www.nd.edu,0
2017-03-24 16:30:27,this,http://www.nd.edu,0
2017-03-24 16:30:27,is,http://www.nd.edu,0
2017-03-24 16:30:27,america,http://www.nd.edu,0

Time,Phrase,Site,Count
2017-03-24 16:30:28,twitter,http://www.cnn.com,9
2017-03-24 16:30:28,facebook,http://www.cnn.com,9
2017-03-24 16:30:28,newsletter,http://www.cnn.com,19
2017-03-24 16:30:28,this,http://www.cnn.com,9
2017-03-24 16:30:28,is,http://www.cnn.com,314
2017-03-24 16:30:28,america,http://www.cnn.com,13

Time,Phrase,Site,Count
2017-03-24 16:30:30,twitter,http://www.pbs.org,77
2017-03-24 16:30:30,facebook,http://www.pbs.org,50
2017-03-24 16:30:30,newsletter,http://www.pbs.org,1
2017-03-24 16:30:30,this,http://www.pbs.org,94
2017-03-24 16:30:30,is,http://www.pbs.org,345
2017-03-24 16:30:30,america,http://www.pbs.org,9

Time,Phrase,Site,Count
2017-03-24 17:07:57,twitter,http://www.nd.edu,0
2017-03-24 17:07:57,facebook,http://www.nd.edu,0
2017-03-24 17:07:57,newsletter,http://www.nd.edu,0
2017-03-24 17:07:57,this,http://www.nd.edu,0
2017-03-24 17:07:57,is,http://www.nd.edu,0
2017-03-24 17:07:57,america,http://www.nd.edu,0

Time,Phrase,Site,Count
2017-03-24 17:07:57,twitter,http://www.cnn.com,9
2017-03-24 17:07:57,facebook,http://www.cnn.com,9
2017-03-24 17:07:57,newsletter,http://www.cnn.com,19
2017-03-24 17:07:57,this,http://www.cnn.com,9
2017-03-24 17:07:57,is,http://www.cnn.com,312
2017-03-24 17:07:57,america,http://www.cnn.com,13

Time,Phrase,Site,Count
2017-03-24 17:07:59,twitter,http://www.pbs.org,77
2017-03-24 17:07:59,facebook,http://www.pbs.org,50
2017-03-24 17:07:59,newsletter,http://www.pbs.org,1
2017-03-24 17:07:59,this,http://www.pbs.org,94
2017-03-24 17:07:59,is,http://www.pbs.org,345
2017-03-24 17:07:59,america,http://www.pbs.org,9

Time,Phrase,Site,Count
2017-03-24 17:08:34,twitter,http://www.nd.edu,0
2017-03-24 17:08:34,facebook,http://www.nd.edu,0
2017-03-24 17:08:34,newsletter,http://www.nd.edu,0
2017-03-24 17:08:34,this,http://www.nd.edu,0
2017-03-24 17:08:34,is,http://www.nd.edu,0
2017-03-24 17:08:34,america,http://www.nd.edu,0

Time,Phrase,Site,Count
2017-03-24 17:08:34,twitter,http://www.cnn.com,9
2017-03-24 17:08:34,facebook,http://www.cnn.com,9
2017-03-24 17:08:34,newsletter,http://www.cnn.com,19
2017-03-24 17:08:34,this,http://www.cnn.com,9
2017-03-24 17:08:34,is,http://www.cnn.com,312
2017-03-24 17:08:34,america,http://www.cnn.com,13

Time,Phrase,Site,Count
2017-03-24 17:08:35,twitter,http://www.pbs.org,77
2017-03-24 17:08:35,facebook,http://www.pbs.org,50
2017-03-24 17:08:35,newsletter,http://www.pbs.org,1
2017-03-24 17:08:35,this,http://www.pbs.org,94
2017-03-24 17:08:35,is,http://www.pbs.org,345
2017-03-24 17:08:35,america,http://www.pbs.org,9

Time,Phrase,Site,Count
2017-03-24 17:08:51,twitter,http://www.nd.edu,0
2017-03-24 17:08:51,facebook,http://www.nd.edu,0
2017-03-24 17:08:51,newsletter,http://www.nd.edu,0
2017-03-24 17:08:51,this,http://www.nd.edu,0
2017-03-24 17:08:51,is,http://www.nd.edu,0
2017-03-24 17:08:51,america,http://www.nd.edu,0

Time,Phrase,Site,Count
2017-03-24 17:08:51,twitter,http://www.cnn.com,9
2017-03-24 17:08:51,facebook,http://www.cnn.com,9
2017-03-24 17:08:51,newsletter,http://www.cnn.com,19
2017-03-24 17:08:51,this,http://www.cnn.com,9
2017-03-24 17:08:51,is,http://www.cnn.com,312
2017-03-24 17:08:51,america,http://www.cnn.com,13

Time,Phrase,Site,Count
2017-03-24 17:08:53,twitter,http://www.pbs.org,77
2017-03-24 17:08:53,facebook,http://www.pbs.org,50
2017-03-24 17:08:53,newsletter,http://www.pbs.org,1
2017-03-24 17:08:53,this,http://www.pbs.org,94
2017-03-24 17:08:53,is,http://www.pbs.org,345
2017-03-24 17:08:53,america,http://www.pbs.org,9

Time,Phrase,Site,Count
2017-03-24 17:11:18,twitter,http://www.nd.edu,0
2017-03-24 17:11:18,facebook,http://www.nd.edu,0
2017-03-24 17:11:18,newsletter,http://www.nd.edu,0
2017-03-24 17:11:18,this,http://www.nd.edu,0
2017-03-24 17:11:18,is,http://www.nd.edu,0
2017-03-24 17:11:18,america,http://www.nd.edu,0

Time,Phrase,Site,Count
2017-03-24 17:11:19,twitter,http://www.cnn.com,9
2017-03-24 17:11:19,facebook,http://www.cnn.com,9
2017-03-24 17:11:19,newsletter,http://www.cnn.com,19
2017-03-24 17:11:19,this,http://www.cnn.com,9
2017-03-24 17:11:19,is,http://www.cnn.com,313
2017-03-24 17:11:19,america,http://www.cnn.com,13

Time,Phrase,Site,Count
2017-03-24 17:11:21,twitter,http://www.pbs.org,77
2017-03-24 17:11:21,facebook,http://www.pbs.org,50
2017-03-24 17:11:21,newsletter,http://www.pbs.org,1
2017-03-24 17:11:21,this,http://www.pbs.org,94
2017-03-24 17:11:21,is,http://www.pbs.org,345
2017-03-24 17:11:21,america,http://www.pbs.org,9

Time,Phrase,Site,Count
2017-03-24 17:11:43,twitter,http://www.nd.edu,0
2017-03-24 17:11:43,facebook,http://www.nd.edu,0
2017-03-24 17:11:43,newsletter,http://www.nd.edu,0
2017-03-24 17:11:43,this,http://www.nd.edu,0
2017-03-24 17:11:43,is,http://www.nd.edu,0
2017-03-24 17:11:43,america,http://www.nd.edu,0

Time,Phrase,Site,Count
2017-03-24 17:11:43,twitter,http://www.cnn.com,9
2017-03-24 17:11:43,facebook,http://www.cnn.com,9
2017-03-24 17:11:43,newsletter,http://www.cnn.com,19
2017-03-24 17:11:43,this,http://www.cnn.com,9
2017-03-24 17:11:43,is,http://www.cnn.com,313
2017-03-24 17:11:43,america,http://www.cnn.com,13

Time,Phrase,Site,Count
2017-03-24 17:11:43,twitter,http://www.pbs.org,77
2017-03-24 17:11:43,facebook,http://www.pbs.org,50
2017-03-24 17:11:43,newsletter,http://www.pbs.org,1
2017-03-24 17:11:43,this,http://www.pbs.org,94
2017-03-24 17:11:43,is,http://www.pbs.org,345
2017-03-24 17:11:43,america,http://www.pbs.org,9

Time,Phrase,Site,Count
2017-03-24 17:11:48,twitter,http://www.nd.edu,0
2017-03-24 17:11:48,facebook,http://www.nd.edu,0
2017-03-24 17:11:48,newsletter,http://www.nd.edu,0
2017-03-24 17:11:48,this,http://www.nd.edu,0
2017-03-24 17:11:48,is,http://www.nd.edu,0
2017-03-24 17:11:48,america,http://www.nd.edu,0

Time,Phrase,Site,Count
2017-03-24 17:11:48,twitter,http://www.cnn.com,9
2017-03-24 17:11:48,facebook,http://www.cnn.com,9
2017-03-24 17:11:48,newsletter,http://www.cnn.com,19
2017-03-24 17:11:48,this,http://www.cnn.com,9
2017-03-24 17:11:48,is,http://www.cnn.com,313
2017-03-24 17:11:48,america,http://www.cnn.com,13

Time,Phrase,Site,Count
2017-03-24 17:11:49,twitter,http://www.pbs.org,77
2017-03-24 17:11:49,facebook,http://www.pbs.org,50
2017-03-24 17:11:49,newsletter,http://www.pbs.org,1
2017-03-24 17:11:49,this,http://www.pbs.org,94
2017-03-24 17:11:49,is,http://www.pbs.org,345
2017-03-24 17:11:49,america,http://www.pbs.org,9

Time,Phrase,Site,Count
2017-03-24 17:12:27,twitter,http://www.nd.edu,0
2017-03-24 17:12:27,facebook,http://www.nd.edu,0
2017-03-24 17:12:27,newsletter,http://www.nd.edu,0
2017-03-24 17:12:27,this,http://www.nd.edu,0
2017-03-24 17:12:27,is,http://www.nd.edu,0
2017-03-24 17:12:27,america,http://www.nd.edu,0

Time,Phrase,Site,Count
2017-03-24 17:12:27,twitter,http://www.cnn.com,9
2017-03-24 17:12:27,facebook,http://www.cnn.com,9
2017-03-24 17:12:27,newsletter,http://www.cnn.com,19
2017-03-24 17:12:27,this,http://www.cnn.com,9
2017-03-24 17:12:27,is,http://www.cnn.com,313
2017-03-24 17:12:27,america,http://www.cnn.com,13

Time,Phrase,Site,Count
2017-03-24 17:12:29,twitter,http://www.pbs.org,77
2017-03-24 17:12:29,facebook,http://www.pbs.org,50
2017-03-24 17:12:29,newsletter,http://www.pbs.org,1
2017-03-24 17:12:29,this,http://www.pbs.org,94
2017-03-24 17:12:29,is,http://www.pbs.org,345
2017-03-24 17:12:29,america,http://www.pbs.org,9

Time,Phrase,Site,Count
2017-03-24 17:13:52,twitter,http://www.nd.edu,0
2017-03-24 17:13:52,facebook,http://www.nd.edu,0
2017-03-24 17:13:52,newsletter,http://www.nd.edu,0
2017-03-24 17:13:52,this,http://www.nd.edu,0
2017-03-24 17:13:52,is,http://www.nd.edu,0
2017-03-24 17:13:52,america,http://www.nd.edu,0

Time,Phrase,Site,Count
2017-03-24 17:13:53,twitter,http://www.cnn.com,9
2017-03-24 17:13:53,facebook,http://www.cnn.com,9
2017-03-24 17:13:53,newsletter,http://www.cnn.com,19
2017-03-24 17:13:53,this,http://www.cnn.com,9
2017-03-24 17:13:53,is,http://www.cnn.com,314
2017-03-24 17:13:53,america,http://www.cnn.com,13

Time,Phrase,Site,Count
2017-03-24 17:13:54,twitter,http://www.pbs.org,77
2017-03-24 17:13:54,facebook,http://www.pbs.org,50
2017-03-24 17:13:54,newsletter,http://www.pbs.org,1
2017-03-24 17:13:54,this,http://www.pbs.org,94
2017-03-24 17:13:54,is,http://www.pbs.org,345
2017-03-24 17:13:54,america,http://www.pbs.org,9

Time,Phrase,Site,Count
2017-03-24 17:27:19,twitter,http://www.cnn.com,9
2017-03-24 17:27:19,facebook,http://www.cnn.com,9
2017-03-24 17:27:19,newsletter,http://www.cnn.com,19
2017-03-24 17:27:19,this,http://www.cnn.com,9
2017-03-24 17:27:19,is,http://www.cnn.com,313
2017-03-24 17:27:19,america,http://www.cnn.com,13

Time,Phrase,Site,Count
2017-03-24 17:27:19,twitter,http://www.nd.edu,0
2017-03-24 17:27:19,facebook,http://www.nd.edu,0
2017-03-24 17:27:19,newsletter,http://www.nd.edu,0
2017-03-24 17:27:19,this,http://www.nd.edu,0
2017-03-24 17:27:19,is,http://www.nd.edu,0
2017-03-24 17:27:19,america,http://www.nd.edu,0

Time,Phrase,Site,Count
2017-03-24 17:27:19,twitter,http://www.pbs.org,77
2017-03-24 17:27:19,facebook,http://www.pbs.org,50
2017-03-24 17:27:19,newsletter,http://www.pbs.org,1
2017-03-24 17:27:19,this,http://www.pbs.org,94
2017-03-24 17:27:19,is,http://www.pbs.org,345
2017-03-24 17:27:19,america,http://www.pbs.org,9

Time,Phrase,Site,Count
2017-03-24 17:30:28,twitter,http://www.cnn.com,9
2017-03-24 17:30:28,facebook,http://www.cnn.com,9
2017-03-24 17:30:28,newsletter,http://www.cnn.com,19
2017-03-24 17:30:28,this,http://www.cnn.com,9
2017-03-24 17:30:28,is,http://www.cnn.com,310
2017-03-24 17:30:28,america,http://www.cnn.com,13

Time,Phrase,Site,Count
2017-03-24 17:30:28,twitter,http://www.nd.edu,0
2017-03-24 17:30:28,facebook,http://www.nd.edu,0
2017-03-24 17:30:28,newsletter,http://www.nd.edu,0
2017-03-24 17:30:28,this,http://www.nd.edu,0
2017-03-24 17:30:28,is,http://www.nd.edu,0
2017-03-24 17:30:28,america,http://www.nd.edu,0

Time,Phrase,Site,Count
2017-03-24 17:30:28,twitter,http://www.pbs.org,77
2017-03-24 17:30:28,facebook,http://www.pbs.org,50
2017-03-24 17:30:28,newsletter,http://www.pbs.org,1
2017-03-24 17:30:28,this,http://www.pbs.org,94
2017-03-24 17:30:28,is,http://www.pbs.org,345
2017-03-24 17:30:28,america,http://www.pbs.org,9

Time,Phrase,Site,Count
2017-03-24 17:30:52,twitter,http://www.cnn.com,9
2017-03-24 17:30:52,facebook,http://www.cnn.com,9
2017-03-24 17:30:52,newsletter,http://www.cnn.com,19
2017-03-24 17:30:52,this,http://www.cnn.com,9
2017-03-24 17:30:52,is,http://www.cnn.com,310
2017-03-24 17:30:52,america,http://www.cnn.com,13

Time,Phrase,Site,Count
2017-03-24 17:30:52,twitter,http://www.nd.edu,0
2017-03-24 17:30:52,facebook,http://www.nd.edu,0
2017-03-24 17:30:52,newsletter,http://www.nd.edu,0
2017-03-24 17:30:52,this,http://www.nd.edu,0
2017-03-24 17:30:52,is,http://www.nd.edu,0
2017-03-24 17:30:52,america,http://www.nd.edu,0

Time,Phrase,Site,Count
2017-03-24 17:30:52,twitter,http://www.pbs.org,77
2017-03-24 17:30:52,facebook,http://www.pbs.org,50
2017-03-24 17:30:52,newsletter,http://www.pbs.org,1
2017-03-24 17:30:52,this,http://www.pbs.org,94
2017-03-24 17:30:52,is,http://www.pbs.org,345
2017-03-24 17:30:52,america,http://www.pbs.org,9

Time,Phrase,Site,Count
2017-03-24 19:02:55,twitter,http://www.cnn.com,9
2017-03-24 19:02:55,facebook,http://www.cnn.com,9
2017-03-24 19:02:55,newsletter,http://www.cnn.com,19
2017-03-24 19:02:55,this,http://www.cnn.com,12
2017-03-24 19:02:55,is,http://www.cnn.com,321
2017-03-24 19:02:55,america,http://www.cnn.com,14

Time,Phrase,Site,Count
2017-03-24 19:02:55,twitter,http://www.nd.edu,0
2017-03-24 19:02:55,facebook,http://www.nd.edu,0
2017-03-24 19:02:55,newsletter,http://www.nd.edu,0
2017-03-24 19:02:55,this,http://www.nd.edu,0
2017-03-24 19:02:55,is,http://www.nd.edu,0
2017-03-24 19:02:55,america,http://www.nd.edu,0

Time,Phrase,Site,Count
2017-03-24 19:02:55,twitter,http://www.pbs.org,78
2017-03-24 19:02:55,facebook,http://www.pbs.org,50
2017-03-24 19:02:55,newsletter,http://www.pbs.org,1
2017-03-24 19:02:55,this,http://www.pbs.org,94
2017-03-24 19:02:55,is,http://www.pbs.org,345
2017-03-24 19:02:55,america,http://www.pbs.org,9

Time,Phrase,Site,Count
2017-03-25 16:27:55,twitter,http://www.cnn.com,9
2017-03-25 16:27:55,facebook,http://www.cnn.com,9
2017-03-25 16:27:55,newsletter,http://www.cnn.com,19
2017-03-25 16:27:55,this,http://www.cnn.com,8
2017-03-25 16:27:55,is,http://www.cnn.com,329
2017-03-25 16:27:55,america,http://www.cnn.com,14

Time,Phrase,Site,Count
2017-03-25 16:27:55,twitter,http://www.cnn.com,9
2017-03-25 16:27:55,facebook,http://www.cnn.com,9
2017-03-25 16:27:55,newsletter,http://www.cnn.com,19
2017-03-25 16:27:55,this,http://www.cnn.com,8
2017-03-25 16:27:55,is,http://www.cnn.com,329
2017-03-25 16:27:55,america,http://www.cnn.com,14

Time,Phrase,Site,Count
2017-03-25 16:27:55,twitter,http://www.nd.edu,0
2017-03-25 16:27:55,facebook,http://www.nd.edu,0
2017-03-25 16:27:55,newsletter,http://www.nd.edu,0
2017-03-25 16:27:55,this,http://www.nd.edu,0
2017-03-25 16:27:55,is,http://www.nd.edu,0
2017-03-25 16:27:55,america,http://www.nd.edu,0

Time,Phrase,Site,Count
2017-03-25 16:30:35,twitter,http://www.cnn.com,9
2017-03-25 16:30:35,facebook,http://www.cnn.com,9
2017-03-25 16:30:35,newsletter,http://www.cnn.com,19
2017-03-25 16:30:35,this,http://www.cnn.com,8
2017-03-25 16:30:35,is,http://www.cnn.com,329
2017-03-25 16:30:35,america,http://www.cnn.com,14

Time,Phrase,Site,Count
2017-03-25 16:30:35,twitter,http://www.nd.edu,0
2017-03-25 16:30:35,facebook,http://www.nd.edu,0
2017-03-25 16:30:35,newsletter,http://www.nd.edu,0
2017-03-25 16:30:35,this,http://www.nd.edu,0
2017-03-25 16:30:35,is,http://www.nd.edu,0
2017-03-25 16:30:35,america,http://www.nd.edu,0

Time,Phrase,Site,Count
2017-03-25 16:30:35,twitter,http://www.pbs.org,66
2017-03-25 16:30:35,facebook,http://www.pbs.org,50
2017-03-25 16:30:35,newsletter,http://www.pbs.org,1
2017-03-25 16:30:35,this,http://www.pbs.org,94
2017-03-25 16:30:35,is,http://www.pbs.org,338
2017-03-25 16:30:35,america,http://www.pbs.org,9

Time,Phrase,Site,Count
2017-03-25 16:30:35,twitter, JOPÿ,9
2017-03-25 16:30:35,facebook, JOPÿ,9
2017-03-25 16:30:35,newsletter, JOPÿ,19
2017-03-25 16:30:35,this, JOPÿ,8
2017-03-25 16:30:35,is, JOPÿ,329
2017-03-25 16:30:35,america, JOPÿ,14

Time,Phrase,Site,Count
2017-03-25 16:38:06,twitter,http://www.cnn.com,9
2017-03-25 16:38:06,facebook,http://www.cnn.com,9
2017-03-25 16:38:06,newsletter,http://www.cnn.com,19
2017-03-25 16:38:06,this,http://www.cnn.com,8
2017-03-25 16:38:06,is,http://www.cnn.com,329
2017-03-25 16:38:06,america,http://www.cnn.com,14

Time,Phrase,Site,Count
2017-03-25 16:38:06,twitter,http://www.nd.edu,0
2017-03-25 16:38:06,facebook,http://www.nd.edu,0
2017-03-25 16:38:06,newsletter,http://www.nd.edu,0
2017-03-25 16:38:06,this,http://www.nd.edu,0
2017-03-25 16:38:06,is,http://www.nd.edu,0
2017-03-25 16:38:06,america,http://www.nd.edu,0

Time,Phrase,Site,Count
2017-03-25 16:38:06,twitter,http://www.pbs.org,66
2017-03-25 16:38:06,facebook,http://www.pbs.org,50
2017-03-25 16:38:06,newsletter,http://www.pbs.org,1
2017-03-25 16:38:06,this,http://www.pbs.org,94
2017-03-25 16:38:06,is,http://www.pbs.org,338
2017-03-25 16:38:06,america,http://www.pbs.org,9

Time,Phrase,Site,Count
2017-03-25 16:38:06,twitter, J(^ÿ,9
2017-03-25 16:38:06,facebook, J(^ÿ,9
2017-03-25 16:38:06,newsletter, J(^ÿ,19
2017-03-25 16:38:06,this, J(^ÿ,8
2017-03-25 16:38:06,is, J(^ÿ,329
2017-03-25 16:38:06,america, J(^ÿ,14

Time,Phrase,Site,Count
2017-03-25 16:59:47,twitter,http://www.cnn.com,9
2017-03-25 16:59:47,facebook,http://www.cnn.com,9
2017-03-25 16:59:47,newsletter,http://www.cnn.com,19
2017-03-25 16:59:47,this,http://www.cnn.com,8
2017-03-25 16:59:47,is,http://www.cnn.com,330
2017-03-25 16:59:47,america,http://www.cnn.com,14

Time,Phrase,Site,Count
2017-03-25 16:59:47,twitter,http://www.cnn.com,9
2017-03-25 16:59:47,facebook,http://www.cnn.com,9
2017-03-25 16:59:47,newsletter,http://www.cnn.com,19
2017-03-25 16:59:47,this,http://www.cnn.com,8
2017-03-25 16:59:47,is,http://www.cnn.com,330
2017-03-25 16:59:47,america,http://www.cnn.com,14

Time,Phrase,Site,Count
2017-03-25 16:59:47,twitter,http://www.nd.edu,0
2017-03-25 16:59:47,facebook,http://www.nd.edu,0
2017-03-25 16:59:47,newsletter,http://www.nd.edu,0
2017-03-25 16:59:47,this,http://www.nd.edu,0
2017-03-25 16:59:47,is,http://www.nd.edu,0
2017-03-25 16:59:47,america,http://www.nd.edu,0

Time,Phrase,Site,Count
2017-03-25 17:22:46,twitter,http://www.cnn.com,9
2017-03-25 17:22:46,facebook,http://www.cnn.com,9
2017-03-25 17:22:46,newsletter,http://www.cnn.com,19
2017-03-25 17:22:46,this,http://www.cnn.com,8
2017-03-25 17:22:46,is,http://www.cnn.com,333
2017-03-25 17:22:46,america,http://www.cnn.com,14

Time,Phrase,Site,Count
2017-03-25 17:22:46,twitter,http://www.cnn.com,9
2017-03-25 17:22:46,facebook,http://www.cnn.com,9
2017-03-25 17:22:46,newsletter,http://www.cnn.com,19
2017-03-25 17:22:46,this,http://www.cnn.com,8
2017-03-25 17:22:46,is,http://www.cnn.com,333
2017-03-25 17:22:46,america,http://www.nd.edu,14

Time,Phrase,Site,Count
2017-03-25 17:22:46,twitter,http://www.nd.edu,0
2017-03-25 17:22:46,facebook,http://www.nd.edu,0
2017-03-25 17:22:46,newsletter,http://www.nd.edu,0
2017-03-25 17:22:46,this,http://www.nd.edu,0
2017-03-25 17:22:46,is,http://www.nd.edu,0
2017-03-25 17:22:46,america,http://www.nd.edu,0

Time,Phrase,Site,Count
2017-03-25 18:37:23,twitter,http://www.cnn.com,9
2017-03-25 18:37:23,facebook,http://www.cnn.com,10
2017-03-25 18:37:23,newsletter,http://www.cnn.com,19
2017-03-25 18:37:23,this,http://www.cnn.com,8
2017-03-25 18:37:23,is,http://www.cnn.com,348
2017-03-25 18:37:23,america,http://www.cnn.com,14

Time,Phrase,Site,Count
2017-03-25 18:37:23,twitter,http://www.cnn.com,9
2017-03-25 18:37:23,facebook,http://www.cnn.com,10
2017-03-25 18:37:23,newsletter,http://www.cnn.com,19
2017-03-25 18:37:23,this,http://www.cnn.com,8
2017-03-25 18:37:23,is,http://www.cnn.com,348
2017-03-25 18:37:23,america,http://www.cnn.com,14

Time,Phrase,Site,Count
2017-03-25 18:37:23,twitter,http://www.nd.edu,0
2017-03-25 18:37:23,facebook,http://www.nd.edu,0
2017-03-25 18:37:23,newsletter,http://www.nd.edu,0
2017-03-25 18:37:23,this,http://www.nd.edu,0
2017-03-25 18:37:23,is,http://www.nd.edu,0
2017-03-25 18:37:23,america,http://www.nd.edu,0

Time,Phrase,Site,Count
2017-03-25 18:38:44,twitter,http://www.cnn.com,9
2017-03-25 18:38:44,facebook,http://www.cnn.com,10
2017-03-25 18:38:44,newsletter,http://www.cnn.com,19
2017-03-25 18:38:44,this,http://www.cnn.com,8
2017-03-25 18:38:44,is,http://www.cnn.com,348
2017-03-25 18:38:44,america,http://www.cnn.com,14

Time,Phrase,Site,Count
2017-03-25 18:38:44,twitter,http://www.cnn.com,9
2017-03-25 18:38:44,facebook,http://www.cnn.com,10
2017-03-25 18:38:44,newsletter,http://www.cnn.com,19
2017-03-25 18:38:44,this,http://www.cnn.com,8
2017-03-25 18:38:44,is,http://www.cnn.com,348
2017-03-25 18:38:44,america,http://www.cnn.com,14

Time,Phrase,Site,Count
2017-03-25 18:38:44,twitter,http://www.nd.edu,0
2017-03-25 18:38:44,facebook,http://www.nd.edu,0
2017-03-25 18:38:44,newsletter,http://www.nd.edu,0
2017-03-25 18:38:44,this,http://www.nd.edu,0
2017-03-25 18:38:44,is,http://www.nd.edu,0
2017-03-25 18:38:44,america,http://www.nd.edu,0

Time,Phrase,Site,Count
2017-03-25 18:44:24,twitter,http://www.cnn.com,9
2017-03-25 18:44:24,facebook,http://www.cnn.com,10
2017-03-25 18:44:24,newsletter,http://www.cnn.com,19
2017-03-25 18:44:24,this,http://www.cnn.com,8
2017-03-25 18:44:24,is,http://www.cnn.com,348
2017-03-25 18:44:24,america,http://www.cnn.com,14

Time,Phrase,Site,Count
2017-03-25 18:44:24,twitter,http://www.cnn.com,9
2017-03-25 18:44:24,facebook,http://www.cnn.com,10
2017-03-25 18:44:24,newsletter,http://www.cnn.com,19
2017-03-25 18:44:24,this,http://www.cnn.com,8
2017-03-25 18:44:24,is,http://www.cnn.com,348
2017-03-25 18:44:24,america,http://www.cnn.com,14

Time,Phrase,Site,Count
2017-03-25 18:44:24,twitter,http://www.nd.edu,0
2017-03-25 18:44:24,facebook,http://www.nd.edu,0
2017-03-25 18:44:24,newsletter,http://www.nd.edu,0
2017-03-25 18:44:24,this,http://www.nd.edu,0
2017-03-25 18:44:24,is,http://www.nd.edu,0
2017-03-25 18:44:24,america,http://www.nd.edu,0

Time,Phrase,Site,Count
2017-03-25 18:45:59,twitter,http://www.cnn.com,9
2017-03-25 18:45:59,facebook,http://www.cnn.com,10
2017-03-25 18:45:59,newsletter,http://www.cnn.com,19
2017-03-25 18:45:59,this,http://www.cnn.com,8
2017-03-25 18:45:59,is,http://www.cnn.com,348
2017-03-25 18:45:59,america,http://www.cnn.com,14

Time,Phrase,Site,Count
2017-03-25 18:45:59,twitter,http://www.nd.edu,0
2017-03-25 18:45:59,facebook,http://www.nd.edu,0
2017-03-25 18:45:59,newsletter,http://www.nd.edu,0
2017-03-25 18:45:59,this,http://www.nd.edu,0
2017-03-25 18:45:59,is,http://www.nd.edu,0
2017-03-25 18:45:59,america,http://www.nd.edu,0

Time,Phrase,Site,Count
2017-03-25 18:45:59,twitter,http://www.pbs.org,67
2017-03-25 18:45:59,facebook,http://www.pbs.org,50
2017-03-25 18:45:59,newsletter,http://www.pbs.org,1
2017-03-25 18:45:59,this,http://www.pbs.org,95
2017-03-25 18:45:59,is,http://www.pbs.org,338
2017-03-25 18:45:59,america,http://www.pbs.org,9

Time,Phrase,Site,Count
2017-03-25 18:59:57,twitter,http://www.cnn.com,9
2017-03-25 18:59:57,facebook,http://www.cnn.com,9
2017-03-25 18:59:57,newsletter,http://www.cnn.com,19
2017-03-25 18:59:57,this,http://www.cnn.com,7
2017-03-25 18:59:57,is,http://www.cnn.com,342
2017-03-25 18:59:57,america,http://www.cnn.com,14

Time,Phrase,Site,Count
2017-03-25 18:59:57,twitter,http://www.nd.edu,0
2017-03-25 18:59:57,facebook,http://www.nd.edu,0
2017-03-25 18:59:57,newsletter,http://www.nd.edu,0
2017-03-25 18:59:57,this,http://www.nd.edu,0
2017-03-25 18:59:57,is,http://www.nd.edu,0
2017-03-25 18:59:57,america,http://www.nd.edu,0

Time,Phrase,Site,Count
2017-03-25 18:59:57,twitter,http://www.pbs.org,67
2017-03-25 18:59:57,facebook,http://www.pbs.org,50
2017-03-25 18:59:57,newsletter,http://www.pbs.org,1
2017-03-25 18:59:57,this,http://www.pbs.org,95
2017-03-25 18:59:57,is,http://www.pbs.org,338
2017-03-25 18:59:57,america,http://www.pbs.org,9

Time,Phrase,Site,Count
2017-03-25 19:00:42,twitter,http://www.cnn.com,9
2017-03-25 19:00:42,facebook,http://www.cnn.com,9
2017-03-25 19:00:42,newsletter,http://www.cnn.com,19
2017-03-25 19:00:42,this,http://www.cnn.com,7
2017-03-25 19:00:42,is,http://www.cnn.com,342
2017-03-25 19:00:42,america,http://www.cnn.com,14

Time,Phrase,Site,Count
2017-03-25 19:00:42,twitter,http://www.nd.edu,0
2017-03-25 19:00:42,facebook,http://www.nd.edu,0
2017-03-25 19:00:42,newsletter,http://www.nd.edu,0
2017-03-25 19:00:42,this,http://www.nd.edu,0
2017-03-25 19:00:42,is,http://www.nd.edu,0
2017-03-25 19:00:42,america,http://www.nd.edu,0

Time,Phrase,Site,Count
2017-03-25 19:00:42,twitter,http://www.pbs.org,67
2017-03-25 19:00:42,facebook,http://www.pbs.org,50
2017-03-25 19:00:42,newsletter,http://www.pbs.org,1
2017-03-25 19:00:42,this,http://www.pbs.org,95
2017-03-25 19:00:42,is,http://www.pbs.org,338
2017-03-25 19:00:42,america,http://www.pbs.org,9

Time,Phrase,Site,Count
2017-03-25 19:15:12,twitter,http://www.cnn.com,9
2017-03-25 19:15:12,facebook,http://www.cnn.com,9
2017-03-25 19:15:12,newsletter,http://www.cnn.com,19
2017-03-25 19:15:12,this,http://www.cnn.com,7
2017-03-25 19:15:12,is,http://www.cnn.com,342
2017-03-25 19:15:12,america,http://www.cnn.com,14

Time,Phrase,Site,Count
2017-03-25 19:15:12,twitter,http://www.nd.edu,0
2017-03-25 19:15:12,facebook,http://www.nd.edu,0
2017-03-25 19:15:12,newsletter,http://www.nd.edu,0
2017-03-25 19:15:12,this,http://www.nd.edu,0
2017-03-25 19:15:12,is,http://www.nd.edu,0
2017-03-25 19:15:12,america,http://www.nd.edu,0

Time,Phrase,Site,Count
2017-03-25 19:15:12,twitter,http://www.pbs.org,67
2017-03-25 19:15:12,facebook,http://www.pbs.org,50
2017-03-25 19:15:12,newsletter,http://www.pbs.org,1
2017-03-25 19:15:12,this,http://www.pbs.org,95
2017-03-25 19:15:12,is,http://www.pbs.org,338
2017-03-25 19:15:12,america,http://www.pbs.org,9

Time,Phrase,Site,Count
2017-03-25 19:58:53,twitter,http://www.cnn.com,9
2017-03-25 19:58:53,facebook,http://www.cnn.com,9
2017-03-25 19:58:53,newsletter,http://www.cnn.com,19
2017-03-25 19:58:53,this,http://www.cnn.com,7
2017-03-25 19:58:53,is,http://www.cnn.com,345
2017-03-25 19:58:53,america,http://www.cnn.com,14

Time,Phrase,Site,Count
2017-03-25 19:58:53,twitter,http://www.nd.edu,0
2017-03-25 19:58:53,facebook,http://www.nd.edu,0
2017-03-25 19:58:53,newsletter,http://www.nd.edu,0
2017-03-25 19:58:53,this,http://www.nd.edu,0
2017-03-25 19:58:53,is,http://www.nd.edu,0
2017-03-25 19:58:53,america,http://www.nd.edu,0

Time,Phrase,Site,Count
2017-03-25 19:58:53,twitter,http://www.pbs.org,67
2017-03-25 19:58:53,facebook,http://www.pbs.org,50
2017-03-25 19:58:53,newsletter,http://www.pbs.org,1
2017-03-25 19:58:53,this,http://www.pbs.org,95
2017-03-25 19:58:53,is,http://www.pbs.org,338
2017-03-25 19:58:53,america,http://www.pbs.org,9

Time,Phrase,Site,Count
2017-03-25 19:59:25,twitter,http://www.cnn.com,9
2017-03-25 19:59:25,facebook,http://www.cnn.com,9
2017-03-25 19:59:25,newsletter,http://www.cnn.com,19
2017-03-25 19:59:25,this,http://www.cnn.com,7
2017-03-25 19:59:25,is,http://www.cnn.com,345
2017-03-25 19:59:25,america,http://www.cnn.com,14

Time,Phrase,Site,Count
2017-03-25 19:59:25,twitter,http://www.nd.edu,0
2017-03-25 19:59:25,facebook,http://www.nd.edu,0
2017-03-25 19:59:25,newsletter,http://www.nd.edu,0
2017-03-25 19:59:25,this,http://www.nd.edu,0
2017-03-25 19:59:25,is,http://www.nd.edu,0
2017-03-25 19:59:25,america,http://www.nd.edu,0

Time,Phrase,Site,Count
2017-03-25 19:59:25,twitter,http://www.pbs.org,67
2017-03-25 19:59:25,facebook,http://www.pbs.org,50
2017-03-25 19:59:25,newsletter,http://www.pbs.org,1
2017-03-25 19:59:25,this,http://www.pbs.org,95
2017-03-25 19:59:25,is,http://www.pbs.org,338
2017-03-25 19:59:25,america,http://www.pbs.org,9

Time,Phrase,Site,Count
2017-03-25 20:00:25,twitter,http://www.cnn.com,9
2017-03-25 20:00:25,facebook,http://www.cnn.com,9
2017-03-25 20:00:25,newsletter,http://www.cnn.com,19
2017-03-25 20:00:25,this,http://www.cnn.com,7
2017-03-25 20:00:25,is,http://www.cnn.com,345
2017-03-25 20:00:25,america,http://www.cnn.com,14

Time,Phrase,Site,Count
2017-03-25 20:00:25,twitter,http://www.nd.edu,0
2017-03-25 20:00:25,facebook,http://www.nd.edu,0
2017-03-25 20:00:25,newsletter,http://www.nd.edu,0
2017-03-25 20:00:25,this,http://www.nd.edu,0
2017-03-25 20:00:25,is,http://www.nd.edu,0
2017-03-25 20:00:25,america,http://www.nd.edu,0

Time,Phrase,Site,Count
2017-03-25 20:00:25,twitter,http://www.pbs.org,67
2017-03-25 20:00:25,facebook,http://www.pbs.org,50
2017-03-25 20:00:25,newsletter,http://www.pbs.org,1
2017-03-25 20:00:25,this,http://www.pbs.org,95
2017-03-25 20:00:25,is,http://www.pbs.org,338
2017-03-25 20:00:25,america,http://www.pbs.org,9

Time,Phrase,Site,Count
2017-03-25 20:00:49,twitter,http://www.cnn.com,9
2017-03-25 20:00:49,facebook,http://www.cnn.com,9
2017-03-25 20:00:49,newsletter,http://www.cnn.com,19
2017-03-25 20:00:49,this,http://www.cnn.com,7
2017-03-25 20:00:49,is,http://www.cnn.com,344
2017-03-25 20:00:49,america,http://www.cnn.com,14

Time,Phrase,Site,Count
2017-03-25 20:00:49,twitter,http://www.nd.edu,0
2017-03-25 20:00:49,facebook,http://www.nd.edu,0
2017-03-25 20:00:49,newsletter,http://www.nd.edu,0
2017-03-25 20:00:49,this,http://www.nd.edu,0
2017-03-25 20:00:49,is,http://www.nd.edu,0
2017-03-25 20:00:49,america,http://www.nd.edu,0

Time,Phrase,Site,Count
2017-03-25 20:00:49,twitter,http://www.pbs.org,67
2017-03-25 20:00:49,facebook,http://www.pbs.org,50
2017-03-25 20:00:49,newsletter,http://www.pbs.org,1
2017-03-25 20:00:49,this,http://www.pbs.org,95
2017-03-25 20:00:49,is,http://www.pbs.org,338
2017-03-25 20:00:49,america,http://www.pbs.org,9

Time,Phrase,Site,Count
2017-03-25 20:01:33,twitter,http://www.cnn.com,9
2017-03-25 20:01:33,facebook,http://www.cnn.com,9
2017-03-25 20:01:33,newsletter,http://www.cnn.com,19
2017-03-25 20:01:33,this,http://www.cnn.com,7
2017-03-25 20:01:33,is,http://www.cnn.com,344
2017-03-25 20:01:33,america,http://www.cnn.com,14

Time,Phrase,Site,Count
2017-03-25 20:01:33,twitter,http://www.nd.edu,0
2017-03-25 20:01:33,facebook,http://www.nd.edu,0
2017-03-25 20:01:33,newsletter,http://www.nd.edu,0
2017-03-25 20:01:33,this,http://www.nd.edu,0
2017-03-25 20:01:33,is,http://www.nd.edu,0
2017-03-25 20:01:33,america,http://www.nd.edu,0

Time,Phrase,Site,Count
2017-03-25 20:01:33,twitter,http://www.pbs.org,67
2017-03-25 20:01:33,facebook,http://www.pbs.org,50
2017-03-25 20:01:33,newsletter,http://www.pbs.org,1
2017-03-25 20:01:33,this,http://www.pbs.org,95
2017-03-25 20:01:33,is,http://www.pbs.org,338
2017-03-25 20:01:33,america,http://www.pbs.org,9

Time,Phrase,Site,Count
2017-03-25 20:03:15,twitter,http://www.cnn.com,9
2017-03-25 20:03:15,facebook,http://www.cnn.com,9
2017-03-25 20:03:15,newsletter,http://www.cnn.com,19
2017-03-25 20:03:15,this,http://www.cnn.com,7
2017-03-25 20:03:15,is,http://www.cnn.com,344
2017-03-25 20:03:15,america,http://www.cnn.com,14

Time,Phrase,Site,Count
2017-03-25 20:03:15,twitter,http://www.nd.edu,0
2017-03-25 20:03:15,facebook,http://www.nd.edu,0
2017-03-25 20:03:15,newsletter,http://www.nd.edu,0
2017-03-25 20:03:15,this,http://www.nd.edu,0
2017-03-25 20:03:15,is,http://www.nd.edu,0
2017-03-25 20:03:15,america,http://www.nd.edu,0

Time,Phrase,Site,Count
2017-03-25 20:03:15,twitter,http://www.pbs.org,67
2017-03-25 20:03:15,facebook,http://www.pbs.org,50
2017-03-25 20:03:15,newsletter,http://www.pbs.org,1
2017-03-25 20:03:15,this,http://www.pbs.org,95
2017-03-25 20:03:15,is,http://www.pbs.org,338
2017-03-25 20:03:15,america,http://www.pbs.org,9

Time,Phrase,Site,Count
2017-03-25 20:16:33,twitter,http://www.cnn.com,9
2017-03-25 20:16:33,facebook,http://www.cnn.com,9
2017-03-25 20:16:33,newsletter,http://www.cnn.com,19
2017-03-25 20:16:33,this,http://www.cnn.com,7
2017-03-25 20:16:33,is,http://www.cnn.com,344
2017-03-25 20:16:33,america,http://www.cnn.com,14

Time,Phrase,Site,Count
2017-03-25 20:16:33,twitter,http://www.nd.edu,0
2017-03-25 20:16:33,facebook,http://www.nd.edu,0
2017-03-25 20:16:33,newsletter,http://www.nd.edu,0
2017-03-25 20:16:33,this,http://www.nd.edu,0
2017-03-25 20:16:33,is,http://www.nd.edu,0
2017-03-25 20:16:33,america,http://www.nd.edu,0

Time,Phrase,Site,Count
2017-03-25 20:16:33,twitter,http://www.pbs.org,67
2017-03-25 20:16:33,facebook,http://www.pbs.org,50
2017-03-25 20:16:33,newsletter,http://www.pbs.org,1
2017-03-25 20:16:33,this,http://www.pbs.org,95
2017-03-25 20:16:33,is,http://www.pbs.org,338
2017-03-25 20:16:33,america,http://www.pbs.org,9

Time,Phrase,Site,Count
2017-03-25 20:18:33,twitter,http://www.cnn.com,9
2017-03-25 20:18:33,facebook,http://www.cnn.com,9
2017-03-25 20:18:33,newsletter,http://www.cnn.com,19
2017-03-25 20:18:33,this,http://www.cnn.com,7
2017-03-25 20:18:33,is,http://www.cnn.com,344
2017-03-25 20:18:33,america,http://www.cnn.com,14

Time,Phrase,Site,Count
2017-03-25 20:18:33,twitter,http://www.nd.edu,0
2017-03-25 20:18:33,facebook,http://www.nd.edu,0
2017-03-25 20:18:33,newsletter,http://www.nd.edu,0
2017-03-25 20:18:33,this,http://www.nd.edu,0
2017-03-25 20:18:33,is,http://www.nd.edu,0
2017-03-25 20:18:33,america,http://www.nd.edu,0

Time,Phrase,Site,Count
2017-03-25 20:18:33,twitter,http://www.pbs.org,67
2017-03-25 20:18:33,facebook,http://www.pbs.org,50
2017-03-25 20:18:33,newsletter,http://www.pbs.org,1
2017-03-25 20:18:33,this,http://www.pbs.org,95
2017-03-25 20:18:33,is,http://www.pbs.org,338
2017-03-25 20:18:33,america,http://www.pbs.org,9

Time,Phrase,Site,Count
2017-03-25 20:18:42,twitter,http://www.cnn.com,9
2017-03-25 20:18:42,facebook,http://www.cnn.com,9
2017-03-25 20:18:42,newsletter,http://www.cnn.com,19
2017-03-25 20:18:42,this,http://www.cnn.com,7
2017-03-25 20:18:42,is,http://www.cnn.com,344
2017-03-25 20:18:42,america,http://www.cnn.com,14

Time,Phrase,Site,Count
2017-03-25 20:18:42,twitter,http://www.nd.edu,0
2017-03-25 20:18:42,facebook,http://www.nd.edu,0
2017-03-25 20:18:42,newsletter,http://www.nd.edu,0
2017-03-25 20:18:42,this,http://www.nd.edu,0
2017-03-25 20:18:42,is,http://www.nd.edu,0
2017-03-25 20:18:42,america,http://www.nd.edu,0

Time,Phrase,Site,Count
2017-03-25 20:18:42,twitter,http://www.pbs.org,67
2017-03-25 20:18:42,facebook,http://www.pbs.org,50
2017-03-25 20:18:42,newsletter,http://www.pbs.org,1
2017-03-25 20:18:42,this,http://www.pbs.org,95
2017-03-25 20:18:42,is,http://www.pbs.org,338
2017-03-25 20:18:42,america,http://www.pbs.org,9

Time,Phrase,Site,Count
2017-03-25 20:18:45,twitter,http://www.cnn.com,9
2017-03-25 20:18:45,facebook,http://www.cnn.com,9
2017-03-25 20:18:45,newsletter,http://www.cnn.com,19
2017-03-25 20:18:45,this,http://www.cnn.com,7
2017-03-25 20:18:45,is,http://www.cnn.com,344
2017-03-25 20:18:45,america,http://www.cnn.com,14

Time,Phrase,Site,Count
2017-03-25 20:18:45,twitter,http://www.nd.edu,0
2017-03-25 20:18:45,facebook,http://www.nd.edu,0
2017-03-25 20:18:45,newsletter,http://www.nd.edu,0
2017-03-25 20:18:45,this,http://www.nd.edu,0
2017-03-25 20:18:45,is,http://www.nd.edu,0
2017-03-25 20:18:45,america,http://www.nd.edu,0

Time,Phrase,Site,Count
2017-03-25 20:18:45,twitter,http://www.pbs.org,67
2017-03-25 20:18:45,facebook,http://www.pbs.org,50
2017-03-25 20:18:45,newsletter,http://www.pbs.org,1
2017-03-25 20:18:45,this,http://www.pbs.org,95
2017-03-25 20:18:45,is,http://www.pbs.org,338
2017-03-25 20:18:45,america,http://www.pbs.org,9

Time,Phrase,Site,Count
2017-03-25 20:19:04,twitter,http://www.cnn.com,9
2017-03-25 20:19:04,facebook,http://www.cnn.com,9
2017-03-25 20:19:04,newsletter,http://www.cnn.com,19
2017-03-25 20:19:04,this,http://www.cnn.com,7
2017-03-25 20:19:04,is,http://www.cnn.com,344
2017-03-25 20:19:04,america,http://www.cnn.com,14

Time,Phrase,Site,Count
2017-03-25 20:19:04,twitter,http://www.nd.edu,0
2017-03-25 20:19:04,facebook,http://www.nd.edu,0
2017-03-25 20:19:04,newsletter,http://www.nd.edu,0
2017-03-25 20:19:04,this,http://www.nd.edu,0
2017-03-25 20:19:04,is,http://www.nd.edu,0
2017-03-25 20:19:04,america,http://www.nd.edu,0

Time,Phrase,Site,Count
2017-03-25 20:19:04,twitter,http://www.pbs.org,67
2017-03-25 20:19:04,facebook,http://www.pbs.org,50
2017-03-25 20:19:04,newsletter,http://www.pbs.org,1
2017-03-25 20:19:04,this,http://www.pbs.org,95
2017-03-25 20:19:04,is,http://www.pbs.org,338
2017-03-25 20:19:04,america,http://www.pbs.org,9

Time,Phrase,Site,Count
2017-03-25 20:19:25,twitter,http://www.cnn.com,9
2017-03-25 20:19:25,facebook,http://www.cnn.com,9
2017-03-25 20:19:25,newsletter,http://www.cnn.com,19
2017-03-25 20:19:25,this,http://www.cnn.com,7
2017-03-25 20:19:25,is,http://www.cnn.com,344
2017-03-25 20:19:25,america,http://www.cnn.com,14

Time,Phrase,Site,Count
2017-03-25 20:19:25,twitter,http://www.nd.edu,0
2017-03-25 20:19:25,facebook,http://www.nd.edu,0
2017-03-25 20:19:25,newsletter,http://www.nd.edu,0
2017-03-25 20:19:25,this,http://www.nd.edu,0
2017-03-25 20:19:25,is,http://www.nd.edu,0
2017-03-25 20:19:25,america,http://www.nd.edu,0

Time,Phrase,Site,Count
2017-03-25 20:19:25,twitter,http://www.pbs.org,67
2017-03-25 20:19:25,facebook,http://www.pbs.org,50
2017-03-25 20:19:25,newsletter,http://www.pbs.org,1
2017-03-25 20:19:25,this,http://www.pbs.org,95
2017-03-25 20:19:25,is,http://www.pbs.org,338
2017-03-25 20:19:25,america,http://www.pbs.org,9

Time,Phrase,Site,Count
2017-03-25 20:20:21,twitter,http://www.cnn.com,9
2017-03-25 20:20:21,facebook,http://www.cnn.com,9
2017-03-25 20:20:21,newsletter,http://www.cnn.com,19
2017-03-25 20:20:21,this,http://www.cnn.com,7
2017-03-25 20:20:21,is,http://www.cnn.com,344
2017-03-25 20:20:21,america,http://www.cnn.com,14

Time,Phrase,Site,Count
2017-03-25 20:20:21,twitter,http://www.nd.edu,0
2017-03-25 20:20:21,facebook,http://www.nd.edu,0
2017-03-25 20:20:21,newsletter,http://www.nd.edu,0
2017-03-25 20:20:21,this,http://www.nd.edu,0
2017-03-25 20:20:21,is,http://www.nd.edu,0
2017-03-25 20:20:21,america,http://www.nd.edu,0

Time,Phrase,Site,Count
2017-03-25 20:20:21,twitter,http://www.pbs.org,67
2017-03-25 20:20:21,facebook,http://www.pbs.org,50
2017-03-25 20:20:21,newsletter,http://www.pbs.org,1
2017-03-25 20:20:21,this,http://www.pbs.org,95
2017-03-25 20:20:21,is,http://www.pbs.org,338
2017-03-25 20:20:21,america,http://www.pbs.org,9

Time,Phrase,Site,Count
2017-03-25 20:23:41,twitter,http://www.cnn.com,9
2017-03-25 20:23:41,facebook,http://www.cnn.com,9
2017-03-25 20:23:41,newsletter,http://www.cnn.com,19
2017-03-25 20:23:41,this,http://www.cnn.com,7
2017-03-25 20:23:41,is,http://www.cnn.com,344
2017-03-25 20:23:41,america,http://www.cnn.com,14

Time,Phrase,Site,Count
2017-03-25 20:23:41,twitter,http://www.nd.edu,0
2017-03-25 20:23:41,facebook,http://www.nd.edu,0
2017-03-25 20:23:41,newsletter,http://www.nd.edu,0
2017-03-25 20:23:41,this,http://www.nd.edu,0
2017-03-25 20:23:41,is,http://www.nd.edu,0
2017-03-25 20:23:41,america,http://www.nd.edu,0

